10/03/2021 07:01:52;45.0;16.5;95.1;11.5;2
10/03/2021 07:06:52;45.0;16.5;95.2;11.6;2
10/03/2021 07:11:52;45.0;16.5;95.1;11.8;5
10/03/2021 07:16:52;45.0;16.5;95.1;11.9;8
10/03/2021 07:21:52;45.0;16.5;95.1;12.0;13
10/03/2021 07:26:52;45.0;16.5;94.9;12.1;17
10/03/2021 07:31:52;45.0;16.5;94.8;12.2;24
10/03/2021 07:36:52;44.5;16.5;94.7;12.3;28
10/03/2021 07:41:52;44.5;16.5;94.8;12.3;43
10/03/2021 07:46:52;44.5;16.5;95.1;12.5;55
10/03/2021 07:51:52;44.5;16.5;95.3;12.7;72
10/03/2021 07:56:52;44.5;16.5;95.3;12.9;97
10/03/2021 08:01:52;44.5;16.5;95.1;13.2;157
10/03/2021 08:06:52;44.5;16.5;94.5;13.6;203
10/03/2021 08:11:52;44.5;16.5;93.4;14.0;157
10/03/2021 08:16:52;44.5;16.5;92.8;14.3;175
10/03/2021 08:21:52;44.5;16.5;92.3;14.5;247
10/03/2021 08:26:52;44.5;16.5;91.5;14.6;164
10/03/2021 08:31:52;44.5;16.5;91.0;14.6;137
10/03/2021 08:36:52;44.5;16.5;90.7;14.6;133
10/03/2021 08:41:52;44.5;16.5;90.3;14.6;109
10/03/2021 08:46:52;44.5;16.5;90.3;14.6;98
10/03/2021 08:51:52;44.5;16.5;90.1;14.5;95
10/03/2021 08:56:52;44.0;16.5;90.2;14.5;102
10/03/2021 09:01:52;44.0;16.5;90.1;14.5;118
10/03/2021 09:06:52;44.0;16.5;89.8;14.6;147
10/03/2021 09:11:52;44.0;16.5;88.8;14.6;178
10/03/2021 09:16:52;44.0;17.0;88.9;14.8;208
10/03/2021 09:21:52;44.0;17.0;88.3;15.1;232
10/03/2021 09:26:52;44.0;17.0;87.1;15.3;297
10/03/2021 09:31:52;44.0;17.0;85.7;15.6;283
10/03/2021 09:36:52;44.0;17.0;84.3;15.8;282
10/03/2021 09:41:52;44.0;17.0;84.1;16.2;258
10/03/2021 09:46:52;44.0;17.0;82.1;16.7;256
10/03/2021 09:51:52;44.0;17.0;80.6;17.0;339
10/03/2021 09:56:52;44.0;17.0;78.9;17.4;557
10/03/2021 10:01:52;44.0;17.0;75.4;18.0;543
10/03/2021 10:06:52;44.0;17.0;74.8;18.2;597
10/03/2021 10:11:52;44.0;17.0;72.9;18.4;607
10/03/2021 10:16:52;44.0;17.0;71.8;18.6;628
10/03/2021 10:21:52;44.0;17.0;69.3;19.0;611
10/03/2021 10:26:52;44.0;17.0;68.5;19.2;652
10/03/2021 10:31:52;44.0;17.0;65.9;19.4;580
10/03/2021 10:36:52;44.0;17.0;64.1;19.4;675
10/03/2021 10:41:52;44.0;17.0;62.6;19.3;679
10/03/2021 10:46:52;44.0;17.0;62.3;19.6;690
10/03/2021 10:51:52;44.0;17.0;59.6;19.9;704
10/03/2021 10:56:52;44.0;17.0;58.9;20.2;669
10/03/2021 11:01:52;44.0;17.0;58.5;20.6;612
10/03/2021 11:06:52;44.0;17.0;56.7;20.8;700
10/03/2021 11:11:52;44.0;17.0;57.1;20.7;714
10/03/2021 11:16:52;44.5;17.0;57.0;20.8;718
10/03/2021 11:21:52;44.5;17.0;56.3;20.5;717
10/03/2021 11:26:52;45.0;17.0;57.8;20.3;469
10/03/2021 11:31:52;45.0;17.0;57.6;20.1;709
10/03/2021 11:36:52;45.0;17.0;59.2;19.9;723
10/03/2021 11:41:52;45.5;17.0;60.2;19.7;710
10/03/2021 11:46:52;45.5;17.0;61.6;19.9;733
10/03/2021 11:51:52;46.0;17.0;61.6;20.1;742
10/03/2021 11:56:52;46.0;17.0;59.6;20.4;719
10/03/2021 12:01:52;46.5;17.0;59.8;20.6;507
10/03/2021 12:06:52;46.5;17.0;58.6;20.4;220
10/03/2021 12:11:52;46.5;17.0;60.6;19.8;311
10/03/2021 12:16:52;46.5;17.0;61.1;19.6;345
10/03/2021 12:21:52;46.5;17.0;61.3;19.4;360
10/03/2021 12:26:52;46.5;17.0;62.5;19.2;435
10/03/2021 12:31:52;46.5;17.0;62.2;19.7;761
10/03/2021 12:36:52;46.5;17.0;60.6;20.2;703
10/03/2021 12:41:52;47.0;17.0;58.8;20.5;377
10/03/2021 12:46:52;47.0;17.0;59.8;19.9;438
10/03/2021 12:51:52;47.0;17.0;62.5;19.5;471
10/03/2021 12:56:52;47.0;17.0;62.8;19.4;437
10/03/2021 13:01:52;47.0;17.0;63.0;19.6;407
10/03/2021 13:06:52;47.0;17.0;63.0;19.7;439
10/03/2021 13:11:52;47.0;17.0;63.6;19.5;723
10/03/2021 13:16:52;47.0;17.0;64.1;19.5;752
10/03/2021 13:21:52;47.0;17.0;63.5;19.8;760
10/03/2021 13:26:52;47.0;17.0;64.1;19.9;776
10/03/2021 13:31:52;47.5;17.0;63.1;20.0;685
10/03/2021 13:36:52;47.5;17.0;65.0;20.0;640
10/03/2021 13:41:52;47.5;17.0;65.4;19.8;546
10/03/2021 13:51:56;48.0;17.0;64.8;19.4;399
10/03/2021 13:56:57;48.0;17.0;67.5;19.1;476
10/03/2021 14:01:57;48.0;17.0;67.5;19.3;311
10/03/2021 14:36:29;47.5;17.0;87.8;16.4;115
10/03/2021 14:41:29;47.5;17.0;87.0;16.1;233
10/03/2021 14:46:29;47.5;17.0;87.4;15.9;190
10/03/2021 14:51:29;47.5;17.0;88.2;15.9;254
10/03/2021 14:56:29;47.5;17.0;87.6;16.2;330
10/03/2021 15:01:29;47.5;17.0;87.4;16.6;381
10/03/2021 15:06:29;47.5;17.0;85.6;17.2;468
10/03/2021 15:11:29;47.5;17.0;83.4;17.8;388
10/03/2021 15:16:29;47.5;17.0;77.6;18.0;449
10/03/2021 15:21:29;47.5;17.0;76.1;18.0;485
10/03/2021 15:26:29;47.5;17.0;73.6;18.1;520
10/03/2021 15:31:29;47.5;17.0;74.2;18.0;579
10/03/2021 15:36:29;47.5;17.0;72.7;18.1;665
10/03/2021 15:41:29;47.5;17.0;71.4;18.4;548
10/03/2021 15:46:29;47.5;17.0;71.6;18.2;362
10/03/2021 15:51:29;47.5;17.0;71.7;18.3;351
10/03/2021 15:56:29;47.5;17.0;71.6;18.4;288
10/03/2021 16:01:29;47.5;17.0;72.1;18.3;305
10/03/2021 16:06:29;47.5;17.0;72.8;18.4;556
10/03/2021 16:11:29;47.5;17.0;70.9;18.6;444
10/03/2021 16:16:29;47.5;17.0;70.6;18.5;203
10/03/2021 16:21:29;47.5;17.0;72.7;18.1;170
10/03/2021 16:26:29;47.5;17.0;73.3;17.6;113
10/03/2021 16:31:29;47.5;17.0;76.8;17.2;79
10/03/2021 16:36:29;47.5;17.0;78.5;16.9;70
10/03/2021 16:41:29;47.5;17.0;79.9;16.6;25
10/03/2021 16:46:29;47.5;17.0;80.6;15.9;7
10/03/2021 16:51:29;47.5;17.0;86.5;15.0;3
10/03/2021 16:56:29;47.5;17.0;91.0;14.0;8
10/03/2021 17:01:29;47.0;17.0;92.7;13.2;16
10/03/2021 17:06:29;47.0;17.0;94.1;12.8;41
10/03/2021 17:11:29;47.0;17.0;95.1;12.8;55
10/03/2021 17:16:29;47.0;17.0;95.3;12.9;48
10/03/2021 17:21:29;47.0;17.0;95.0;13.0;56
10/03/2021 17:26:29;47.0;17.0;95.1;13.1;50
10/03/2021 17:31:29;47.0;17.0;95.4;13.2;73
10/03/2021 17:36:29;47.0;17.0;95.3;13.3;77
10/03/2021 17:41:29;47.0;17.0;95.2;13.5;51
10/03/2021 17:46:29;47.0;17.0;94.8;13.6;41
10/03/2021 17:51:29;47.0;17.0;94.3;13.6;29
10/03/2021 17:56:29;47.0;17.0;94.6;13.6;29
10/03/2021 18:01:29;47.0;17.0;94.8;13.6;32
10/03/2021 19:21:17;46.5;17.0;95.1;12.6;0
10/03/2021 19:26:17;46.5;17.0;95.2;12.5;0
10/03/2021 19:31:17;46.5;17.0;95.5;12.5;0
10/03/2021 19:36:17;46.0;17.0;95.7;12.5;0
10/03/2021 19:41:17;46.0;17.0;95.7;12.6;0
10/03/2021 19:46:17;46.0;17.0;95.8;12.6;0
10/03/2021 19:51:17;46.0;17.0;96.0;12.7;0
10/03/2021 19:56:17;46.0;17.0;96.0;12.8;0
10/03/2021 20:01:17;46.0;17.0;95.9;12.8;0
10/03/2021 20:06:17;46.0;17.0;95.9;12.9;0
10/03/2021 20:11:17;46.0;17.0;95.7;12.9;0
10/03/2021 20:16:17;46.0;17.0;94.6;13.0;0
10/03/2021 20:21:17;46.0;17.0;94.5;13.0;0
10/03/2021 20:26:17;46.0;17.0;94.4;13.0;0
10/03/2021 20:31:17;46.0;17.0;94.3;13.0;0
10/03/2021 20:36:17;46.0;17.0;94.5;13.0;0
10/03/2021 20:41:17;46.0;17.0;93.8;13.1;0
10/03/2021 20:46:17;45.5;17.0;93.1;13.1;0
10/03/2021 20:51:17;45.5;17.0;93.1;13.2;0
10/03/2021 20:56:17;45.5;17.0;92.0;13.0;0
10/03/2021 21:01:17;57.5;16.5;91.5;12.8;1
10/03/2021 21:06:17;57.0;17.0;92.6;12.6;1
10/03/2021 21:11:17;56.5;16.5;93.6;12.5;1
10/03/2021 21:16:17;58.5;16.5;93.0;12.6;1
10/03/2021 21:21:17;60.5;16.5;93.1;12.7;1
10/03/2021 21:26:17;56.0;16.5;92.8;12.7;0
10/03/2021 21:31:17;52.5;16.5;93.1;12.7;0
10/03/2021 21:36:17;48.0;16.5;93.2;12.6;0
10/03/2021 21:41:17;47.5;16.5;92.6;12.5;0
10/03/2021 21:46:17;47.5;16.5;92.9;12.4;0
10/03/2021 21:51:17;47.0;16.5;92.8;12.4;0
10/03/2021 21:56:17;45.5;16.5;93.1;12.5;0
10/03/2021 22:01:17;43.5;16.5;92.1;12.4;0
10/03/2021 22:06:17;43.0;16.5;92.7;12.3;0
10/03/2021 22:11:17;41.5;17.0;92.7;12.2;0
10/03/2021 22:16:17;37.5;17.0;92.1;12.3;1
10/03/2021 22:21:17;32.5;17.0;92.1;12.3;0
10/03/2021 22:26:16;32.5;17.0;90.9;12.3;1
10/03/2021 22:31:17;29.0;17.0;90.8;12.2;1
10/03/2021 22:36:17;22.5;17.0;90.7;12.1;0
10/03/2021 22:41:17;21.5;17.0;90.2;12.0;0
10/03/2021 22:46:17;21.5;17.0;90.2;11.8;0
10/03/2021 22:51:17;22.0;17.0;90.5;11.7;0
10/03/2021 22:56:17;22.0;17.0;91.7;11.6;0
10/03/2021 23:01:17;22.0;17.0;92.4;11.5;0
10/03/2021 23:06:17;22.0;17.0;92.4;11.3;0
10/03/2021 23:11:17;22.5;17.0;92.0;11.2;0
10/03/2021 23:16:17;22.5;17.0;92.3;11.2;0
10/03/2021 23:21:17;22.5;17.0;91.6;11.1;0
10/03/2021 23:26:17;22.5;17.0;90.3;11.1;0
10/03/2021 23:31:17;22.5;17.0;90.3;11.1;0
10/03/2021 23:36:17;23.0;16.5;90.1;11.2;0
10/03/2021 23:41:17;23.0;16.5;89.6;11.2;0
10/03/2021 23:46:17;23.0;16.5;87.9;11.4;0
10/03/2021 23:51:17;23.0;16.5;86.6;11.4;0
10/03/2021 23:56:17;23.0;16.5;87.1;11.4;0
11/03/2021 00:01:17;23.0;16.5;87.6;11.4;0
11/03/2021 00:06:17;23.5;16.5;88.1;11.2;0
11/03/2021 00:11:17;23.5;16.5;87.1;11.3;0
11/03/2021 00:16:17;23.5;16.5;87.4;11.4;0
11/03/2021 00:21:17;23.5;16.5;87.0;11.3;0
11/03/2021 00:26:17;23.5;16.5;87.0;11.2;0
11/03/2021 00:31:17;23.5;16.5;85.3;11.3;0
11/03/2021 00:36:17;23.5;16.5;86.3;11.3;0
11/03/2021 00:41:17;23.5;16.5;86.6;11.2;0
11/03/2021 00:46:17;24.0;16.5;86.7;11.1;0
11/03/2021 00:51:17;24.0;16.5;87.0;11.1;0
11/03/2021 00:56:17;24.0;16.5;87.1;11.1;0
11/03/2021 01:01:17;24.0;16.5;84.4;11.2;0
11/03/2021 01:06:17;24.0;16.5;82.6;11.4;0
11/03/2021 01:11:17;24.0;16.5;79.1;11.5;0
11/03/2021 01:16:17;24.0;16.5;78.2;11.6;1
11/03/2021 01:21:17;24.0;16.5;80.2;11.6;1
11/03/2021 01:26:17;24.0;16.5;81.0;11.6;1
11/03/2021 01:31:17;24.0;16.5;81.6;11.7;1
11/03/2021 01:36:17;24.0;16.5;78.2;11.7;0
11/03/2021 01:41:17;24.0;16.5;75.2;11.7;0
11/03/2021 01:46:17;24.0;16.5;77.2;11.7;1
11/03/2021 01:51:17;24.0;16.5;76.1;11.6;1
11/03/2021 01:56:17;24.5;16.5;75.3;11.6;1
11/03/2021 02:01:17;24.5;16.5;72.8;11.6;1
11/03/2021 02:06:17;24.5;16.5;72.3;11.6;1
11/03/2021 02:11:17;24.5;16.5;73.5;11.6;1
11/03/2021 02:16:17;24.5;16.5;72.8;11.6;0
11/03/2021 02:21:17;24.5;16.5;73.5;11.6;1
11/03/2021 02:26:17;24.0;16.5;71.5;11.5;1
11/03/2021 02:31:17;24.5;16.5;73.3;11.5;0
11/03/2021 02:36:17;24.5;16.5;75.8;11.5;0
11/03/2021 02:41:17;24.5;16.5;80.7;11.4;0
11/03/2021 02:46:17;24.5;16.5;83.8;11.2;0
11/03/2021 02:51:17;24.5;16.5;84.7;10.8;0
11/03/2021 02:56:17;24.5;16.5;84.1;10.6;0
11/03/2021 03:01:17;24.5;16.5;84.6;10.5;0
11/03/2021 03:06:17;24.5;16.5;84.4;10.5;0
11/03/2021 03:11:17;24.5;16.5;86.1;10.5;0
11/03/2021 03:16:17;24.5;16.5;85.7;10.5;0
11/03/2021 03:21:17;24.5;16.5;88.3;10.4;0
11/03/2021 03:26:17;24.5;16.5;87.7;10.3;0
11/03/2021 03:31:17;24.5;16.5;87.9;10.2;0
11/03/2021 03:36:17;24.5;16.5;84.8;10.2;0
11/03/2021 03:41:17;24.5;16.5;86.0;10.3;0
11/03/2021 03:46:17;24.5;16.5;87.2;10.4;0
11/03/2021 03:51:17;24.5;16.5;84.7;10.5;0
11/03/2021 03:56:17;24.5;16.5;82.7;10.6;0
11/03/2021 04:01:17;24.5;16.5;77.5;10.7;0
11/03/2021 04:06:17;24.5;16.5;79.1;10.8;0
11/03/2021 04:11:17;24.5;16.5;79.0;10.7;0
11/03/2021 04:16:17;24.5;16.5;74.5;10.6;0
11/03/2021 04:21:17;24.5;16.5;77.3;10.7;0
11/03/2021 04:26:17;24.5;16.5;80.1;10.6;0
11/03/2021 04:31:17;24.5;16.5;76.5;10.6;0
11/03/2021 04:36:17;24.5;16.5;80.8;10.7;0
11/03/2021 04:41:17;24.5;16.5;77.2;10.7;0
11/03/2021 04:46:17;24.5;16.0;73.7;10.9;0
11/03/2021 04:51:17;24.5;16.0;73.7;11.0;0
11/03/2021 04:56:17;24.5;16.0;72.8;11.0;0
11/03/2021 05:01:17;24.5;16.0;71.8;11.0;0
11/03/2021 05:06:17;24.5;16.0;73.3;11.0;0
11/03/2021 05:11:17;24.5;16.0;72.2;10.9;0
11/03/2021 05:16:17;24.5;16.0;72.5;10.9;0
11/03/2021 05:21:17;24.5;16.0;72.9;10.9;0
11/03/2021 05:26:17;24.5;16.0;75.8;10.9;0
11/03/2021 05:31:17;24.5;16.0;77.4;11.0;0
11/03/2021 05:36:17;24.5;16.0;79.7;10.8;0
11/03/2021 05:41:17;24.5;16.5;78.3;10.6;0
11/03/2021 05:46:17;24.5;16.5;80.5;10.5;0
11/03/2021 05:51:17;24.5;16.0;75.5;10.6;0
11/03/2021 05:56:17;24.5;16.0;71.7;10.7;0
11/03/2021 06:01:17;24.5;16.0;69.0;10.8;0
11/03/2021 06:06:17;24.5;16.0;69.3;10.7;0
11/03/2021 06:11:17;24.5;16.0;71.4;10.5;0
11/03/2021 06:16:17;24.5;16.0;74.9;10.3;0
11/03/2021 06:21:17;24.5;16.0;75.6;10.0;0
11/03/2021 06:26:17;24.5;16.0;75.2;9.9;0
11/03/2021 06:31:17;24.5;16.0;73.2;9.9;0
11/03/2021 06:36:17;24.5;16.5;76.3;9.7;0
11/03/2021 06:41:17;24.5;16.0;74.3;9.7;0
11/03/2021 06:46:17;24.5;16.0;76.2;9.8;0
11/03/2021 06:51:17;24.5;16.0;77.3;9.8;0
11/03/2021 06:56:17;24.0;16.0;76.5;9.7;1
11/03/2021 07:01:17;24.0;16.0;77.4;9.6;6
11/03/2021 07:06:17;24.0;16.0;77.7;9.6;13
11/03/2021 07:11:17;24.0;16.0;79.6;9.5;31
11/03/2021 07:16:17;24.0;16.0;77.4;9.5;54
11/03/2021 07:21:17;24.0;16.0;78.6;9.6;74
11/03/2021 07:26:17;24.0;16.0;77.1;10.0;101
11/03/2021 07:31:17;24.0;16.0;74.4;10.4;129
11/03/2021 07:36:17;24.0;16.0;70.8;10.9;159
11/03/2021 07:41:17;24.0;16.0;69.5;11.3;185
11/03/2021 07:46:17;24.0;16.0;67.3;11.3;205
11/03/2021 07:51:17;24.0;16.0;68.0;11.3;245
11/03/2021 07:56:17;24.0;16.0;66.2;11.6;274
11/03/2021 08:01:17;24.0;16.0;66.6;11.6;305
11/03/2021 08:06:17;24.0;16.0;66.9;11.5;269
11/03/2021 08:11:17;24.0;16.0;65.2;11.5;361
11/03/2021 08:16:17;24.0;16.0;64.8;11.6;386
11/03/2021 08:21:17;24.0;16.0;61.9;11.9;430
11/03/2021 08:26:17;24.0;16.0;61.9;12.0;415
11/03/2021 08:31:17;24.0;16.0;61.0;12.1;166
11/03/2021 08:36:17;24.0;16.0;63.2;11.9;447
11/03/2021 08:41:17;24.0;16.0;60.8;12.1;447
11/03/2021 08:46:17;24.0;16.0;58.2;12.1;200
11/03/2021 08:51:17;24.0;16.0;59.2;12.1;490
11/03/2021 08:56:17;24.0;16.0;59.5;12.3;484
11/03/2021 09:01:17;24.0;16.0;57.9;12.5;503
11/03/2021 09:06:17;24.0;16.0;58.9;12.6;533
11/03/2021 09:11:17;24.0;16.0;58.9;12.8;555
11/03/2021 09:16:17;24.0;16.0;56.6;13.2;568
11/03/2021 09:21:17;24.0;16.0;56.3;13.3;585
11/03/2021 09:26:17;24.0;16.0;56.4;13.4;363
11/03/2021 09:31:17;24.0;16.0;57.3;13.2;213
11/03/2021 09:36:17;24.0;16.0;57.1;12.9;215
11/03/2021 09:41:17;24.0;16.0;54.8;12.8;602
11/03/2021 09:46:17;24.0;16.0;54.9;13.0;609
11/03/2021 09:51:17;24.0;16.0;53.4;12.9;196
11/03/2021 09:56:17;24.0;15.0;54.3;12.5;192
11/03/2021 10:01:17;24.0;15.5;55.3;12.1;181
11/03/2021 10:06:17;24.0;15.5;54.3;12.0;191
11/03/2021 10:11:17;24.0;16.0;55.3;12.2;644
11/03/2021 10:16:17;24.0;16.0;53.2;12.8;654
11/03/2021 10:21:17;24.0;16.0;54.0;13.4;660
11/03/2021 10:26:17;24.0;16.0;53.5;13.7;656
11/03/2021 10:31:17;24.0;16.0;51.9;13.8;660
11/03/2021 10:36:17;24.0;16.0;52.1;13.7;663
11/03/2021 10:41:17;24.5;16.0;51.5;13.7;663
11/03/2021 10:46:17;24.5;16.0;52.4;13.7;656
11/03/2021 10:51:17;24.5;16.0;53.0;13.8;679
11/03/2021 10:56:17;24.5;16.0;52.5;13.9;690
11/03/2021 11:01:17;25.0;16.0;53.0;14.1;710
11/03/2021 11:06:17;25.0;16.0;51.3;14.4;436
11/03/2021 11:11:17;25.0;16.0;51.9;14.4;489
11/03/2021 11:16:17;25.5;16.0;51.3;14.6;247
11/03/2021 11:21:17;25.5;16.0;51.5;14.2;579
11/03/2021 11:26:17;25.5;15.0;51.2;13.9;645
11/03/2021 11:31:17;25.5;15.5;53.0;14.1;737
11/03/2021 11:36:17;25.5;15.5;52.3;14.0;356
11/03/2021 11:41:17;26.0;16.0;53.1;14.2;254
11/03/2021 11:46:17;26.0;16.0;51.2;14.5;745
11/03/2021 11:51:17;26.0;16.0;50.7;14.6;712
11/03/2021 11:56:17;26.5;16.0;48.9;14.8;721
11/03/2021 12:01:16;26.5;16.0;48.6;15.1;708
11/03/2021 12:06:17;27.0;16.0;46.4;15.5;734
11/03/2021 12:11:17;27.0;16.0;46.3;15.9;774
11/03/2021 12:16:17;27.5;15.5;45.3;16.0;252
11/03/2021 12:21:17;28.0;16.0;46.5;15.3;703
11/03/2021 12:26:17;28.0;16.0;48.1;14.9;271
11/03/2021 12:31:17;28.0;16.0;48.7;14.8;323
11/03/2021 12:36:17;28.0;16.0;47.1;15.4;491
11/03/2021 12:41:17;28.5;16.0;45.9;15.7;395
11/03/2021 12:46:17;28.5;16.0;47.8;15.4;639
11/03/2021 12:51:17;28.5;16.0;47.1;15.4;620
11/03/2021 12:56:17;29.0;16.0;47.8;15.2;735
11/03/2021 13:01:17;29.0;16.0;49.4;14.9;651
11/03/2021 13:06:17;29.0;16.0;48.8;14.7;271
11/03/2021 13:11:17;29.5;16.5;50.5;14.7;712
11/03/2021 13:16:17;29.5;16.0;50.4;15.0;693
11/03/2021 13:21:17;29.5;16.0;46.6;15.2;716
11/03/2021 13:26:16;30.0;16.5;48.1;15.3;696
11/03/2021 13:31:17;30.5;16.5;48.3;15.0;683
11/03/2021 13:36:17;31.0;16.5;49.8;15.2;691
11/03/2021 13:41:17;31.5;16.5;48.4;15.5;689
11/03/2021 13:46:17;32.0;16.5;48.3;15.7;688
11/03/2021 13:51:17;32.5;16.5;49.0;15.6;688
11/03/2021 13:56:17;33.0;16.5;49.4;15.6;690
11/03/2021 14:01:17;33.5;16.5;48.8;15.7;691
11/03/2021 14:06:17;34.0;16.5;47.8;15.7;689
11/03/2021 14:11:17;34.5;16.5;47.0;15.7;689
11/03/2021 14:16:17;35.0;16.5;48.2;15.7;691
11/03/2021 14:21:17;35.5;16.5;49.7;16.0;688
11/03/2021 14:26:16;36.0;16.5;46.5;16.0;684
11/03/2021 14:31:16;36.0;16.5;47.2;15.8;682
11/03/2021 14:36:17;36.5;16.5;48.9;15.9;675
11/03/2021 14:41:17;37.0;16.5;51.2;15.7;672
11/03/2021 14:46:17;37.5;16.5;50.2;15.5;672
11/03/2021 14:51:16;37.5;16.5;50.9;15.3;664
11/03/2021 14:56:17;38.0;16.5;50.7;15.5;658
11/03/2021 15:01:17;38.5;16.5;49.0;15.8;654
11/03/2021 15:06:16;39.0;16.5;49.4;16.0;656
11/03/2021 15:11:17;39.0;16.5;48.0;15.8;648
11/03/2021 15:16:17;39.5;16.5;49.0;15.8;642
11/03/2021 15:21:17;39.5;16.5;48.1;15.7;634
11/03/2021 15:26:16;40.0;16.5;49.8;15.6;628
11/03/2021 15:31:17;40.0;16.5;48.5;15.8;618
11/03/2021 15:36:17;40.0;16.5;48.8;16.0;615
11/03/2021 15:41:17;40.5;16.5;47.7;15.8;608
11/03/2021 15:46:16;40.5;16.5;47.6;15.7;602
11/03/2021 15:51:16;40.5;16.5;48.3;15.6;595
11/03/2021 15:56:16;41.0;16.5;49.4;15.5;583
11/03/2021 16:01:17;41.0;16.5;53.4;15.6;581
11/03/2021 16:06:17;41.0;16.5;49.8;15.6;578
11/03/2021 16:11:17;41.0;16.5;48.4;15.5;571
11/03/2021 16:16:16;41.5;16.5;50.5;15.5;559
11/03/2021 16:21:17;41.5;16.5;52.8;15.5;542
11/03/2021 16:26:17;41.5;16.5;52.3;15.4;534
11/03/2021 16:31:17;41.5;16.5;55.3;15.4;523
11/03/2021 16:36:16;41.5;16.5;53.3;15.3;510
11/03/2021 16:41:17;41.5;16.5;52.8;15.2;501
11/03/2021 16:46:17;41.5;16.5;52.3;15.0;488
11/03/2021 16:51:16;41.5;16.5;54.9;15.0;474
11/03/2021 16:56:16;41.5;16.5;55.2;14.9;457
11/03/2021 17:01:16;41.5;16.5;56.6;14.9;440
11/03/2021 17:06:16;41.5;16.5;55.2;14.9;419
11/03/2021 17:11:16;41.5;16.5;57.3;15.1;400
11/03/2021 17:16:16;41.5;16.5;56.6;15.0;376
11/03/2021 17:21:16;41.5;16.5;55.7;15.0;355
11/03/2021 17:26:16;41.5;16.5;53.0;15.1;336
11/03/2021 17:31:16;41.5;16.5;52.8;15.0;314
11/03/2021 17:36:16;41.5;16.5;53.0;14.9;292
11/03/2021 17:41:16;41.5;16.5;53.4;14.7;267
11/03/2021 17:46:16;41.5;16.5;53.2;14.4;242
11/03/2021 17:51:16;41.5;16.5;55.6;14.2;216
11/03/2021 17:56:16;41.5;16.5;57.4;14.0;190
11/03/2021 18:01:16;41.5;16.5;57.1;13.8;168
11/03/2021 18:06:16;41.5;16.5;58.0;13.7;136
11/03/2021 18:11:16;41.5;16.5;58.2;13.6;110
11/03/2021 18:16:16;41.5;16.5;58.2;13.5;82
11/03/2021 18:21:16;41.5;16.5;57.0;13.3;60
11/03/2021 18:26:16;41.5;16.0;58.0;13.2;39
11/03/2021 18:31:16;41.5;15.5;59.0;13.1;20
11/03/2021 18:36:16;41.5;15.0;60.3;13.0;8
11/03/2021 18:41:16;41.0;14.5;61.6;12.8;2
11/03/2021 18:46:16;41.0;14.5;62.4;12.8;0
11/03/2021 18:51:16;41.0;14.5;61.4;12.8;0
11/03/2021 18:56:16;41.0;15.0;60.9;12.8;0
11/03/2021 19:01:16;41.0;15.5;61.0;12.7;0
11/03/2021 19:06:16;41.0;15.5;60.5;12.7;0
11/03/2021 19:11:16;41.0;15.5;61.0;12.6;0
11/03/2021 19:16:16;41.0;15.5;61.0;12.6;0
11/03/2021 19:21:16;41.0;15.5;61.1;12.5;0
11/03/2021 19:26:16;41.0;15.5;61.3;12.5;0
11/03/2021 19:31:16;41.0;15.5;61.7;12.4;0
11/03/2021 19:36:16;41.0;16.0;61.8;12.4;0
11/03/2021 19:41:16;41.0;16.0;61.9;12.2;0
11/03/2021 19:46:16;41.0;16.0;62.7;12.1;0
11/03/2021 19:51:16;41.0;16.0;62.8;11.9;0
11/03/2021 19:56:16;41.0;16.0;63.0;11.8;0
11/03/2021 20:01:16;41.0;16.0;63.2;11.7;0
11/03/2021 20:06:16;41.0;16.0;62.7;11.6;0
11/03/2021 20:11:16;40.5;16.0;62.0;11.6;0
11/03/2021 20:16:16;40.5;16.0;61.7;11.6;0
11/03/2021 20:21:16;40.5;16.0;61.0;11.6;0
11/03/2021 20:26:16;40.5;16.0;61.2;11.5;0
11/03/2021 20:31:16;40.5;16.0;62.3;11.4;0
11/03/2021 20:36:16;40.5;16.0;63.3;11.3;0
11/03/2021 20:41:16;40.5;16.0;64.7;11.1;0
11/03/2021 20:46:16;40.5;16.0;66.4;11.1;0
11/03/2021 20:51:16;40.5;16.0;66.2;11.0;0
11/03/2021 20:56:16;40.5;16.0;64.3;10.9;0
11/03/2021 21:01:16;40.5;16.0;63.7;10.8;0
11/03/2021 21:06:16;40.5;16.0;64.1;10.7;0
11/03/2021 21:11:16;40.5;16.0;64.9;10.7;0
11/03/2021 21:16:16;40.5;16.0;64.9;10.9;0
11/03/2021 21:21:16;40.5;16.0;66.8;11.0;0
11/03/2021 21:26:16;40.5;16.0;71.0;10.9;0
11/03/2021 21:31:16;40.5;16.0;72.5;10.9;0
11/03/2021 21:36:16;40.0;16.0;74.2;10.9;0
11/03/2021 21:41:16;40.0;16.0;75.9;10.9;0
11/03/2021 21:46:16;40.0;16.0;76.4;10.8;0
11/03/2021 21:51:16;40.0;16.0;77.4;10.7;0
11/03/2021 21:56:16;40.0;16.0;77.0;10.5;0
11/03/2021 22:01:16;40.0;16.0;78.3;10.0;0
11/03/2021 22:06:16;40.0;16.0;79.9;9.7;0
11/03/2021 22:11:16;40.0;16.0;82.0;9.4;0
11/03/2021 22:16:16;40.0;16.0;84.3;9.4;0
11/03/2021 22:21:16;40.0;16.0;85.4;9.5;0
11/03/2021 22:26:16;40.0;16.0;86.5;9.7;0
11/03/2021 22:31:16;40.0;16.0;85.4;9.8;0
11/03/2021 22:36:16;40.0;16.0;85.2;10.0;0
11/03/2021 22:41:16;40.0;16.0;84.6;10.2;0
11/03/2021 22:46:16;40.0;16.0;83.7;10.3;0
11/03/2021 22:51:16;40.0;16.5;82.5;10.3;0
11/03/2021 22:56:16;40.0;16.5;81.8;10.4;0
11/03/2021 23:01:16;39.5;17.0;81.3;10.4;0
11/03/2021 23:06:16;39.5;17.0;81.8;10.4;0
11/03/2021 23:11:16;39.5;17.0;82.1;10.4;0
11/03/2021 23:16:16;39.5;17.0;82.1;10.5;0
11/03/2021 23:21:16;39.5;17.0;81.4;10.5;0
11/03/2021 23:26:16;39.5;16.5;81.2;10.5;0
11/03/2021 23:31:16;39.5;16.5;81.5;10.4;0
11/03/2021 23:36:16;39.5;16.5;81.9;10.4;0
11/03/2021 23:41:16;39.5;16.5;82.0;10.4;0
11/03/2021 23:46:16;39.5;16.5;81.8;10.5;0
11/03/2021 23:51:16;39.5;16.5;81.1;10.6;0
11/03/2021 23:56:16;39.5;16.5;80.3;10.7;0
12/03/2021 00:01:16;39.5;16.5;79.6;10.8;0
12/03/2021 00:06:16;39.5;16.5;79.7;10.7;0
12/03/2021 00:11:16;39.5;16.5;79.4;10.5;0
12/03/2021 00:16:16;39.5;16.5;78.7;10.4;0
12/03/2021 00:21:16;39.0;16.5;78.0;10.5;0
12/03/2021 00:26:16;39.0;16.5;77.9;10.4;0
12/03/2021 00:31:16;39.0;16.5;78.8;10.4;0
12/03/2021 00:36:16;39.0;17.0;78.9;10.3;1
12/03/2021 00:41:16;39.0;17.0;77.8;10.4;0
12/03/2021 00:46:16;39.0;17.0;77.7;10.4;0
12/03/2021 00:51:16;39.0;17.0;77.5;10.4;0
12/03/2021 00:56:16;39.0;17.0;77.7;10.4;0
12/03/2021 01:01:16;39.0;17.0;76.9;10.3;0
12/03/2021 01:06:16;39.0;16.5;76.6;10.3;0
12/03/2021 01:11:16;39.0;16.5;77.3;10.2;0
12/03/2021 01:16:16;39.0;16.5;77.5;10.2;0
12/03/2021 01:21:16;38.5;16.5;77.3;10.2;0
12/03/2021 01:26:16;38.5;16.5;77.8;10.2;0
12/03/2021 01:31:16;38.5;16.5;78.0;10.1;0
12/03/2021 01:36:16;38.5;16.5;77.6;10.1;0
12/03/2021 01:41:16;38.5;16.5;76.8;10.0;0
12/03/2021 01:46:16;38.5;16.5;76.6;10.0;0
12/03/2021 01:51:16;38.5;16.5;77.0;9.9;0
12/03/2021 01:56:16;38.5;16.5;76.3;9.9;0
12/03/2021 02:01:16;38.5;16.5;75.3;9.9;0
12/03/2021 02:06:16;38.5;16.5;75.4;9.8;0
12/03/2021 02:11:16;38.5;16.5;75.5;9.7;0
12/03/2021 02:16:16;38.5;16.5;75.3;9.7;0
12/03/2021 02:21:16;38.5;16.5;75.3;9.7;0
12/03/2021 02:26:16;38.5;16.5;75.3;9.6;0
12/03/2021 02:31:16;38.0;16.5;75.1;9.6;0
12/03/2021 02:36:16;38.0;16.5;75.0;9.5;0
12/03/2021 02:41:16;38.0;16.5;75.1;9.5;0
12/03/2021 02:46:16;38.0;16.5;75.3;9.4;0
12/03/2021 02:51:16;38.0;16.5;75.6;9.3;0
12/03/2021 02:56:16;38.0;16.0;75.6;9.3;0
12/03/2021 03:01:16;38.0;16.0;76.0;9.3;0
12/03/2021 03:06:16;38.0;16.0;75.9;9.2;0
12/03/2021 03:11:16;38.0;16.0;76.4;9.2;0
12/03/2021 03:16:16;38.0;16.0;77.0;9.1;1
12/03/2021 03:21:16;38.0;16.0;77.1;9.0;0
12/03/2021 03:26:16;38.0;16.0;78.2;8.8;0
12/03/2021 03:31:16;38.0;16.0;78.6;8.7;0
12/03/2021 03:36:16;37.5;16.0;78.2;8.7;0
12/03/2021 03:41:16;37.5;16.0;78.7;8.6;0
12/03/2021 03:46:16;37.5;16.0;79.3;8.6;0
12/03/2021 03:51:16;37.5;16.0;79.3;8.6;0
12/03/2021 03:56:16;37.5;16.0;79.0;8.5;0
12/03/2021 04:01:16;37.5;16.0;78.8;8.5;0
12/03/2021 04:06:16;37.5;16.0;78.3;8.5;0
12/03/2021 04:11:16;37.5;16.0;78.1;8.6;0
12/03/2021 04:16:16;37.5;16.0;78.6;8.6;0
12/03/2021 04:21:16;37.5;16.0;78.7;8.5;0
12/03/2021 04:26:16;37.5;16.0;78.4;8.5;0
12/03/2021 04:31:16;37.5;16.0;78.8;8.6;0
12/03/2021 04:36:16;37.0;16.0;79.0;8.5;0
12/03/2021 04:41:16;37.0;16.0;78.9;8.4;0
12/03/2021 04:46:16;37.0;16.0;79.5;8.3;0
12/03/2021 04:51:16;37.0;16.0;80.9;8.3;0
12/03/2021 04:56:16;37.0;16.0;81.6;8.3;0
12/03/2021 05:01:16;37.0;16.0;81.6;8.3;0
12/03/2021 05:06:16;37.0;16.0;82.0;8.3;0
12/03/2021 05:11:16;37.0;16.0;82.3;8.3;0
12/03/2021 05:16:16;37.0;16.0;82.6;8.3;0
12/03/2021 05:21:16;37.0;16.0;82.3;8.3;0
12/03/2021 05:26:16;37.0;16.0;82.3;8.3;0
12/03/2021 05:31:16;37.0;16.0;82.2;8.3;0
12/03/2021 05:36:16;37.0;16.0;82.4;8.2;0
12/03/2021 05:41:16;37.0;16.0;82.5;8.2;1
12/03/2021 05:46:16;36.5;16.0;82.5;8.2;0
12/03/2021 05:51:16;36.5;16.0;82.5;8.2;0
12/03/2021 05:56:16;36.5;16.0;82.9;8.2;0
12/03/2021 06:01:16;36.5;16.0;82.8;8.3;0
12/03/2021 06:06:16;36.5;16.0;82.1;8.2;0
12/03/2021 06:11:16;36.5;16.0;82.1;8.1;0
12/03/2021 06:16:16;36.5;16.0;82.4;8.1;0
12/03/2021 06:21:16;36.5;16.0;82.2;8.1;0
12/03/2021 06:26:16;36.5;16.0;80.7;8.0;0
12/03/2021 06:31:16;36.5;16.0;80.8;8.0;0
12/03/2021 06:36:16;36.5;16.0;81.1;8.0;0
12/03/2021 06:41:16;36.5;16.0;81.1;8.1;0
12/03/2021 06:46:16;36.5;16.0;81.5;8.2;1
12/03/2021 06:51:16;36.5;16.0;81.7;8.3;3
12/03/2021 06:56:16;36.0;16.0;81.0;8.3;5
12/03/2021 07:01:16;36.0;16.0;80.5;8.4;11
12/03/2021 07:06:16;36.0;16.0;80.1;8.5;20
12/03/2021 07:11:16;36.0;16.0;78.5;8.5;26
12/03/2021 07:16:16;36.0;16.0;78.2;8.6;42
12/03/2021 07:21:16;36.0;16.0;78.8;8.6;78
12/03/2021 07:26:16;36.0;16.0;78.3;8.8;55
12/03/2021 07:31:16;36.0;16.0;78.1;8.9;89
12/03/2021 07:36:16;36.0;16.0;76.5;9.2;166
12/03/2021 07:41:16;36.0;16.0;74.8;9.9;209
12/03/2021 07:46:16;36.0;16.0;72.5;10.3;194
12/03/2021 07:51:16;36.0;16.0;72.3;10.2;164
12/03/2021 07:56:16;36.0;16.0;73.0;10.0;281
12/03/2021 08:01:16;36.0;16.0;73.5;9.9;312
12/03/2021 08:06:16;35.5;16.0;73.4;9.8;326
12/03/2021 08:11:16;35.5;16.0;72.3;9.7;287
12/03/2021 08:16:16;35.5;16.0;72.5;9.7;380
12/03/2021 08:21:16;35.5;16.0;71.3;10.0;293
12/03/2021 08:26:16;35.5;16.0;69.7;10.3;440
12/03/2021 08:31:16;35.5;16.0;68.1;10.5;456
12/03/2021 08:36:16;35.5;16.0;67.3;10.7;485
12/03/2021 08:41:16;35.5;16.0;66.9;10.9;309
12/03/2021 08:46:16;35.5;16.0;66.9;10.8;310
12/03/2021 08:51:16;35.5;16.0;67.5;10.9;290
12/03/2021 08:56:16;35.5;16.0;68.4;11.0;419
12/03/2021 09:01:16;35.5;16.0;67.6;11.0;372
12/03/2021 09:06:16;35.5;16.0;67.7;11.2;375
12/03/2021 09:11:16;35.5;16.0;67.1;11.3;235
12/03/2021 09:16:16;35.0;16.0;67.4;11.4;549
12/03/2021 09:21:16;35.0;16.0;66.5;11.6;498
12/03/2021 09:26:16;35.0;16.0;66.1;11.7;544
12/03/2021 09:31:16;35.0;16.0;65.9;11.9;383
12/03/2021 09:36:16;35.0;16.0;65.0;12.0;529
12/03/2021 09:41:16;35.0;16.0;65.6;11.8;638
12/03/2021 09:46:16;35.0;16.0;65.7;12.0;550
12/03/2021 09:51:16;35.0;16.0;65.6;12.1;646
12/03/2021 09:56:16;35.0;16.0;65.1;12.4;646
12/03/2021 10:01:16;35.0;16.0;62.8;12.8;662
12/03/2021 10:06:16;35.0;16.0;61.4;12.9;652
12/03/2021 10:11:16;35.0;16.0;61.4;13.2;674
12/03/2021 10:16:16;35.0;16.0;60.0;13.4;670
12/03/2021 10:21:16;35.0;16.0;59.4;13.6;686
12/03/2021 10:26:16;35.0;16.0;58.2;13.8;685
12/03/2021 10:31:16;35.0;16.0;58.6;13.9;680
12/03/2021 10:36:16;35.0;16.0;57.8;14.0;603
12/03/2021 10:41:16;35.0;16.0;58.2;14.0;588
12/03/2021 10:46:16;32.5;16.0;58.4;14.0;591
12/03/2021 10:51:16;36.0;16.0;58.5;14.1;713
12/03/2021 10:56:16;36.0;16.0;58.0;14.4;510
12/03/2021 11:01:16;36.0;16.0;58.0;14.5;481
12/03/2021 11:06:16;36.5;16.0;58.1;14.5;557
12/03/2021 11:11:16;36.5;16.0;58.7;14.8;668
12/03/2021 11:16:16;36.5;16.0;57.1;15.5;562
12/03/2021 11:21:16;36.5;16.0;56.3;15.7;603
12/03/2021 11:26:16;36.5;16.0;56.6;16.2;609
12/03/2021 11:31:16;36.5;16.0;54.9;16.5;534
12/03/2021 11:36:16;36.5;16.0;54.6;16.5;626
12/03/2021 11:41:16;36.5;16.0;54.7;16.7;624
12/03/2021 11:46:16;37.0;16.0;53.5;16.9;638
12/03/2021 11:51:16;37.0;16.0;53.6;17.2;644
12/03/2021 11:56:16;37.0;16.0;52.5;17.7;674
12/03/2021 12:01:16;37.0;16.0;51.3;17.7;657
12/03/2021 12:06:16;37.5;16.0;51.1;17.7;681
12/03/2021 12:11:16;37.5;16.0;51.0;17.7;703
12/03/2021 12:16:16;38.0;16.0;50.4;17.8;725
12/03/2021 12:21:16;38.5;16.0;49.3;17.8;711
12/03/2021 12:26:16;38.5;16.0;49.6;17.7;730
12/03/2021 12:31:16;39.0;16.0;49.1;17.6;645
12/03/2021 12:36:16;39.5;16.0;50.7;17.3;596
12/03/2021 12:41:16;39.5;16.0;50.4;17.3;608
12/03/2021 12:46:16;40.0;16.0;50.9;17.5;765
12/03/2021 12:51:16;40.0;16.0;49.1;18.3;642
12/03/2021 12:56:16;40.5;16.0;50.0;18.5;476
12/03/2021 13:01:16;40.5;16.0;48.8;18.5;465
12/03/2021 13:06:16;40.5;16.0;49.3;18.3;495
12/03/2021 13:11:16;40.5;16.0;50.1;18.0;487
12/03/2021 13:16:16;41.0;16.0;50.7;18.0;492
12/03/2021 13:21:16;41.0;15.5;50.1;17.8;437
12/03/2021 13:26:16;41.0;15.5;52.2;16.8;397
12/03/2021 13:31:16;41.0;15.0;52.8;16.3;483
12/03/2021 13:36:16;41.0;15.0;52.7;16.3;534
12/03/2021 13:41:16;41.0;15.5;52.3;16.7;568
12/03/2021 13:46:16;41.5;15.5;51.3;16.9;631
12/03/2021 13:51:16;41.5;15.5;49.8;17.1;766
12/03/2021 13:56:16;41.5;15.5;50.2;17.5;646
12/03/2021 14:01:16;42.0;16.0;49.1;17.9;690
12/03/2021 14:06:16;42.0;16.0;48.9;18.1;591
12/03/2021 14:11:16;42.0;15.5;49.4;17.8;710
12/03/2021 14:16:16;42.5;16.0;49.6;18.0;457
12/03/2021 14:21:16;42.5;16.0;48.6;18.0;635
12/03/2021 14:26:16;42.5;16.0;48.9;17.8;604
12/03/2021 14:31:16;43.0;16.0;49.6;17.6;598
12/03/2021 14:36:16;43.0;16.0;48.9;17.7;576
12/03/2021 14:41:16;43.0;16.0;49.3;17.8;619
12/03/2021 14:46:16;43.0;16.0;49.0;17.5;664
12/03/2021 14:51:16;43.5;16.5;48.4;17.7;726
12/03/2021 14:56:16;43.5;16.5;49.6;17.7;702
12/03/2021 15:01:16;44.0;16.5;48.0;17.8;687
12/03/2021 15:06:16;44.0;16.5;45.9;17.6;641
12/03/2021 15:11:16;44.0;16.5;44.8;17.6;646
12/03/2021 15:16:16;44.0;16.5;46.1;17.5;646
12/03/2021 15:21:16;44.5;16.5;44.8;17.6;647
12/03/2021 15:26:16;44.5;16.5;45.0;17.9;624
12/03/2021 15:31:16;44.5;16.5;43.1;17.8;598
12/03/2021 15:36:16;45.0;16.5;45.0;17.6;612
12/03/2021 15:41:16;45.0;16.5;45.6;17.4;626
12/03/2021 15:46:16;45.0;16.5;43.7;17.3;625
12/03/2021 15:51:16;45.0;16.5;47.3;17.4;620
12/03/2021 15:56:16;45.5;16.5;45.3;17.4;603
12/03/2021 16:01:16;45.5;16.5;47.6;17.4;589
12/03/2021 16:06:16;45.5;16.5;49.5;17.1;586
12/03/2021 16:11:16;45.5;16.5;50.4;17.0;579
12/03/2021 16:16:16;45.5;16.5;49.9;17.1;571
12/03/2021 16:21:16;45.5;16.5;50.1;17.1;559
12/03/2021 16:26:16;46.0;16.5;50.7;17.1;392
12/03/2021 16:31:16;46.0;16.5;51.3;16.8;200
12/03/2021 16:36:16;45.5;16.5;52.6;16.3;405
12/03/2021 16:41:16;46.0;16.5;53.6;16.0;267
12/03/2021 16:46:16;46.0;16.5;54.5;15.8;188
12/03/2021 16:51:16;45.5;16.5;55.3;15.8;220
12/03/2021 16:56:16;45.5;16.5;55.8;15.5;170
12/03/2021 17:01:16;45.5;16.5;57.1;15.3;208
12/03/2021 17:06:16;45.5;16.5;57.6;15.2;459
12/03/2021 17:11:16;45.5;16.5;57.0;15.8;436
12/03/2021 17:16:16;45.5;16.5;55.2;16.3;405
12/03/2021 17:21:16;45.5;16.5;53.8;16.5;309
12/03/2021 17:26:16;45.5;16.5;53.9;16.4;264
12/03/2021 17:31:16;45.5;16.5;54.3;16.2;259
12/03/2021 17:36:16;45.5;16.5;55.6;15.9;232
12/03/2021 17:41:16;45.5;16.5;56.5;15.6;291
12/03/2021 17:46:16;45.5;16.5;57.6;15.2;256
12/03/2021 17:51:16;45.5;16.5;58.2;15.0;240
12/03/2021 17:56:16;45.5;16.5;59.5;14.8;214
12/03/2021 18:01:16;45.5;16.5;60.3;14.6;183
12/03/2021 18:06:16;45.5;16.5;60.8;14.5;155
12/03/2021 18:11:16;45.5;16.5;61.7;14.3;123
12/03/2021 18:16:16;45.5;16.5;62.9;14.1;92
12/03/2021 18:21:16;45.5;16.5;63.6;13.9;64
12/03/2021 18:26:16;45.5;16.5;64.5;13.7;26
12/03/2021 18:31:16;45.5;16.5;65.7;13.4;18
12/03/2021 18:36:16;45.5;16.5;67.0;13.2;12
12/03/2021 18:41:16;45.0;16.5;68.1;13.0;6
12/03/2021 18:46:16;45.0;16.5;68.3;12.9;3
12/03/2021 18:51:16;45.0;16.5;69.3;12.7;1
12/03/2021 18:56:16;45.0;16.5;70.4;12.5;1
12/03/2021 19:01:16;45.0;16.5;71.7;12.4;1
12/03/2021 19:06:16;45.0;16.5;72.8;12.4;1
12/03/2021 19:11:16;45.0;16.5;72.9;12.4;0
12/03/2021 19:16:16;45.0;16.5;72.7;12.4;0
12/03/2021 19:21:16;45.0;16.5;73.1;12.3;0
12/03/2021 19:26:16;45.0;16.0;73.3;12.3;0
12/03/2021 19:31:16;44.5;16.0;73.4;12.3;0
12/03/2021 19:36:16;45.0;16.0;74.0;12.3;0
12/03/2021 19:41:16;45.0;16.0;74.6;12.2;0
12/03/2021 19:46:16;44.5;16.0;75.1;12.2;0
12/03/2021 19:51:16;44.5;16.0;74.9;12.1;0
12/03/2021 19:56:16;44.5;16.0;74.7;12.1;0
12/03/2021 20:01:16;44.5;16.0;74.0;12.2;0
12/03/2021 20:06:16;44.5;16.0;74.1;12.2;0
12/03/2021 20:11:16;44.5;16.0;73.8;12.2;1
12/03/2021 20:16:16;44.5;16.0;73.2;12.2;0
12/03/2021 20:21:16;44.5;16.0;72.8;12.3;0
12/03/2021 20:26:16;44.5;16.0;73.1;12.3;0
12/03/2021 20:31:16;44.5;16.0;72.9;12.3;0
12/03/2021 20:36:16;44.5;16.0;73.9;12.2;0
12/03/2021 20:41:16;44.0;16.0;75.1;12.1;0
12/03/2021 20:46:16;44.5;16.0;75.7;12.0;0
12/03/2021 20:51:16;44.5;16.0;76.8;11.9;0
12/03/2021 20:56:16;44.0;16.0;77.1;11.7;0
12/03/2021 21:01:16;44.0;16.0;77.6;11.6;0
12/03/2021 21:06:16;44.0;16.0;77.8;11.4;0
12/03/2021 21:11:16;44.0;16.0;78.8;11.4;0
12/03/2021 21:16:16;44.0;15.5;79.7;11.3;0
12/03/2021 21:21:16;44.0;16.0;79.3;11.2;0
12/03/2021 21:26:16;44.0;16.0;79.5;11.0;0
12/03/2021 21:31:16;44.0;15.5;80.6;10.8;0
12/03/2021 21:36:16;44.0;15.5;81.3;10.7;0
12/03/2021 21:41:16;44.0;15.0;82.4;10.5;0
12/03/2021 21:46:16;44.0;15.5;84.1;10.5;0
12/03/2021 21:51:16;44.0;16.0;84.8;10.5;0
12/03/2021 21:56:16;44.0;14.5;86.0;10.5;0
12/03/2021 22:01:16;44.0;14.0;86.7;10.6;0
12/03/2021 22:06:16;43.5;14.0;86.0;10.7;0
12/03/2021 22:11:16;43.0;14.0;85.8;10.7;0
12/03/2021 22:16:16;42.5;14.0;86.2;10.6;0
12/03/2021 22:21:16;42.0;14.0;87.0;10.7;0
12/03/2021 22:26:16;41.0;14.0;86.9;10.8;0
12/03/2021 22:31:16;36.5;14.0;86.9;10.9;0
12/03/2021 22:36:16;35.5;14.0;86.8;11.0;1
12/03/2021 22:41:16;35.0;14.5;87.0;11.1;0
12/03/2021 22:46:16;35.0;15.0;87.2;11.2;0
12/03/2021 22:51:16;30.5;15.5;86.4;11.2;0
12/03/2021 22:56:16;25.0;16.0;86.2;11.1;0
12/03/2021 23:01:16;24.0;16.5;86.1;10.9;0
12/03/2021 23:06:16;24.0;16.5;85.1;10.9;0
12/03/2021 23:11:16;24.5;16.5;85.0;10.8;0
12/03/2021 23:16:16;24.5;16.0;85.2;10.7;0
12/03/2021 23:21:16;24.5;16.0;85.6;10.7;0
12/03/2021 23:26:16;24.5;16.5;85.5;10.7;0
12/03/2021 23:31:16;24.5;16.5;86.0;10.7;0
12/03/2021 23:36:16;24.5;16.5;87.2;10.7;1
12/03/2021 23:41:16;25.0;16.5;87.5;10.7;1
12/03/2021 23:46:16;25.0;16.5;87.5;10.7;0
12/03/2021 23:51:16;25.0;16.5;87.8;10.7;1
12/03/2021 23:56:16;25.0;16.5;87.9;10.7;0
13/03/2021 00:01:16;25.0;16.5;88.2;10.7;0
13/03/2021 00:06:16;25.0;16.5;89.1;10.6;0
13/03/2021 00:11:16;25.0;16.5;89.5;10.5;0
13/03/2021 00:16:16;25.0;16.5;90.4;10.5;0
13/03/2021 00:21:16;25.0;16.5;90.6;10.5;0
13/03/2021 00:26:16;25.0;16.5;90.6;10.5;0
13/03/2021 00:31:16;25.5;16.5;90.6;10.4;0
13/03/2021 00:36:16;25.5;16.5;90.2;10.4;0
13/03/2021 00:41:16;25.5;16.0;90.0;10.4;0
13/03/2021 00:46:16;25.5;16.0;89.6;10.4;0
13/03/2021 00:51:16;25.5;16.0;89.6;10.4;0
13/03/2021 00:56:16;25.5;16.0;89.6;10.4;0
13/03/2021 01:01:16;25.5;16.0;89.3;10.4;0
13/03/2021 01:06:16;25.5;16.0;89.1;10.4;0
13/03/2021 01:11:16;25.5;16.0;89.3;10.3;0
13/03/2021 01:16:16;25.5;16.0;90.1;10.3;0
13/03/2021 01:21:16;25.5;16.0;90.6;10.2;0
13/03/2021 01:26:16;25.5;16.0;90.8;10.2;0
13/03/2021 01:31:16;25.5;16.0;91.1;10.1;0
13/03/2021 01:36:16;25.5;16.0;91.3;10.1;0
13/03/2021 01:41:16;25.5;16.0;91.4;10.1;0
13/03/2021 01:46:16;25.5;16.0;91.7;10.0;0
13/03/2021 01:51:16;25.5;16.0;92.0;10.0;0
13/03/2021 01:56:16;25.5;16.0;92.6;9.9;0
13/03/2021 02:01:16;25.5;16.0;92.7;9.9;0
13/03/2021 02:06:16;25.5;16.0;92.7;9.8;0
13/03/2021 02:11:16;25.5;16.0;92.8;9.8;0
13/03/2021 02:16:16;25.5;16.0;92.4;9.9;0
13/03/2021 02:21:16;25.5;16.0;91.9;9.9;0
13/03/2021 02:26:16;25.5;16.0;91.4;9.9;0
13/03/2021 02:31:16;25.5;16.0;90.9;10.0;0
13/03/2021 02:36:16;25.5;16.0;90.3;10.1;0
13/03/2021 02:41:16;25.5;16.0;90.6;10.1;0
13/03/2021 02:46:16;25.5;16.0;91.2;10.2;0
13/03/2021 02:51:16;25.5;16.0;91.1;10.3;0
13/03/2021 02:56:16;25.5;16.0;90.9;10.4;0
13/03/2021 03:01:16;25.5;16.0;90.9;10.4;1
13/03/2021 03:06:16;25.5;16.0;90.7;10.5;0
13/03/2021 03:11:16;25.5;16.0;90.3;10.5;0
13/03/2021 03:16:16;25.5;16.0;89.5;10.5;0
13/03/2021 03:21:16;25.5;16.0;88.9;10.5;0
13/03/2021 03:26:16;25.5;16.0;89.2;10.5;0
13/03/2021 03:31:16;25.5;16.0;89.3;10.5;0
13/03/2021 03:36:16;25.5;16.0;89.7;10.4;0
13/03/2021 03:41:16;25.5;16.0;90.3;10.5;0
13/03/2021 03:46:16;25.5;16.0;90.3;10.5;0
13/03/2021 03:51:16;25.5;16.0;90.6;10.5;0
13/03/2021 03:56:16;25.5;16.0;90.7;10.5;0
13/03/2021 04:01:16;25.5;16.0;90.8;10.6;0
13/03/2021 04:06:16;25.5;16.0;90.8;10.6;0
13/03/2021 04:11:16;25.5;16.0;90.7;10.6;0
13/03/2021 04:16:16;25.5;16.0;90.6;10.6;0
13/03/2021 04:21:16;25.5;16.0;90.5;10.7;0
13/03/2021 04:26:16;25.5;16.0;90.5;10.7;0
13/03/2021 04:31:16;25.5;16.0;90.4;10.7;0
13/03/2021 04:36:16;25.5;16.0;90.3;10.7;0
13/03/2021 04:41:16;25.5;16.0;90.4;10.7;0
13/03/2021 04:46:16;25.5;16.0;90.2;10.7;0
13/03/2021 04:51:16;25.5;16.0;89.9;10.6;0
13/03/2021 04:56:16;25.5;16.0;89.4;10.6;0
13/03/2021 05:01:16;25.5;16.0;88.9;10.6;0
13/03/2021 05:06:16;25.5;16.0;88.0;10.6;0
13/03/2021 05:11:16;25.5;16.0;87.1;10.5;0
13/03/2021 05:16:16;25.5;16.0;86.5;10.5;0
13/03/2021 05:21:16;25.5;16.0;86.8;10.4;0
13/03/2021 05:26:16;25.5;16.0;87.0;10.2;0
13/03/2021 05:31:16;25.5;16.0;87.3;10.1;0
13/03/2021 05:36:16;25.5;16.0;87.9;10.0;0
13/03/2021 05:41:16;25.5;16.0;88.5;9.8;0
13/03/2021 05:46:16;25.5;16.0;89.2;9.7;0
13/03/2021 05:51:16;25.5;16.0;89.8;9.7;0
13/03/2021 05:56:16;25.5;16.0;90.0;9.7;0
13/03/2021 06:01:16;25.5;16.0;90.0;9.7;0
13/03/2021 06:06:16;25.0;16.0;90.0;9.7;0
13/03/2021 06:11:16;25.0;16.0;89.7;9.8;0
13/03/2021 06:16:16;25.0;16.0;89.8;9.8;0
13/03/2021 06:21:16;25.0;16.0;89.3;9.9;0
13/03/2021 06:26:16;25.0;16.0;88.6;10.0;1
13/03/2021 06:31:16;25.0;16.0;88.1;10.1;1
13/03/2021 06:36:16;25.0;16.0;87.5;10.2;0
13/03/2021 06:41:16;25.0;16.0;86.4;10.2;1
13/03/2021 06:46:16;25.0;16.0;85.6;10.3;0
13/03/2021 06:51:16;25.0;16.0;85.5;10.3;2
13/03/2021 06:56:16;25.0;16.0;86.5;10.3;3
13/03/2021 07:01:16;25.0;16.0;87.1;10.4;6
13/03/2021 07:06:16;25.0;16.0;87.3;10.4;19
13/03/2021 07:11:16;25.0;16.0;87.1;10.5;11
13/03/2021 07:16:16;25.0;16.0;86.8;10.7;14
13/03/2021 07:21:16;25.0;16.0;85.9;10.7;16
13/03/2021 07:26:16;25.0;16.0;85.6;10.7;19
13/03/2021 07:31:16;25.0;16.0;85.5;10.7;22
13/03/2021 07:36:16;25.0;16.0;85.7;10.8;33
13/03/2021 07:41:16;25.0;16.0;85.4;10.8;53
13/03/2021 07:46:16;25.0;16.0;84.8;10.8;70
13/03/2021 07:51:16;25.0;16.0;84.3;10.9;87
13/03/2021 07:56:16;25.0;16.0;83.1;10.9;95
13/03/2021 08:01:16;25.0;16.0;82.7;10.9;104
13/03/2021 08:06:16;24.5;16.0;82.1;11.0;121
13/03/2021 08:11:16;24.5;16.0;82.3;11.0;224
13/03/2021 08:16:16;24.5;16.0;81.2;11.3;205
13/03/2021 08:21:16;24.5;16.0;81.1;11.4;359
13/03/2021 08:26:16;24.5;16.0;80.7;11.5;440
13/03/2021 08:31:16;24.5;16.0;80.0;11.7;459
13/03/2021 08:36:16;24.5;16.0;79.7;12.0;292
13/03/2021 08:41:16;24.5;16.0;78.3;12.2;136
13/03/2021 08:46:16;24.5;16.0;78.8;12.1;131
13/03/2021 08:51:16;24.5;16.0;79.7;11.9;173
13/03/2021 08:56:16;24.5;16.0;80.5;11.9;191
13/03/2021 09:01:16;24.5;16.0;80.2;11.9;340
13/03/2021 09:06:16;24.5;16.0;78.4;12.4;352
13/03/2021 09:11:16;24.5;16.0;76.8;12.8;274
13/03/2021 09:16:16;24.5;16.0;75.5;13.1;235
13/03/2021 09:21:16;24.5;16.0;74.7;13.2;240
13/03/2021 09:26:16;24.5;16.0;75.0;13.1;245
13/03/2021 09:31:16;24.5;16.0;76.1;13.1;272
13/03/2021 09:36:16;24.5;16.0;76.5;13.1;311
13/03/2021 09:41:16;24.5;16.0;75.4;13.3;353
13/03/2021 09:46:16;24.5;16.0;75.4;13.1;381
13/03/2021 09:51:16;24.5;16.0;76.0;13.3;574
13/03/2021 09:56:16;24.5;16.0;74.3;13.7;360
13/03/2021 10:01:16;24.5;16.0;74.0;13.7;608
13/03/2021 10:06:16;24.5;16.0;73.3;13.9;317
13/03/2021 10:11:16;24.5;16.0;72.0;14.1;256
13/03/2021 10:16:16;24.5;16.0;70.3;14.2;204
13/03/2021 10:21:16;24.5;16.0;68.9;14.1;199
13/03/2021 10:26:16;24.5;16.0;69.5;14.0;243
13/03/2021 10:31:16;24.5;16.0;68.0;14.1;274
13/03/2021 10:36:16;24.5;16.0;67.2;14.2;438
13/03/2021 10:41:16;24.5;16.0;67.6;14.1;321
13/03/2021 10:46:16;24.5;16.5;67.2;14.4;408
13/03/2021 10:51:16;24.5;16.0;65.1;14.7;338
13/03/2021 10:56:16;24.5;16.5;65.3;14.7;256
13/03/2021 11:01:16;24.5;16.5;66.4;14.6;307
13/03/2021 11:06:16;24.5;16.5;66.9;14.8;521
13/03/2021 11:11:16;24.5;16.5;65.7;15.1;782
13/03/2021 11:16:16;24.5;16.5;63.5;15.7;761
13/03/2021 11:21:16;24.5;16.0;60.7;16.2;548
13/03/2021 11:26:16;24.5;16.0;61.7;16.0;461
13/03/2021 11:31:16;24.5;16.0;61.8;15.9;357
13/03/2021 11:36:16;25.0;16.0;62.3;15.7;478
13/03/2021 11:41:16;25.0;16.0;62.7;15.7;684
13/03/2021 11:46:16;25.0;16.0;61.7;16.1;704
13/03/2021 11:51:16;25.0;16.0;61.1;16.3;690
13/03/2021 11:56:16;25.0;16.0;61.6;16.2;655
13/03/2021 12:01:16;25.5;16.5;61.3;16.7;664
13/03/2021 12:06:16;25.5;16.5;61.5;16.7;520
13/03/2021 12:11:16;25.5;16.5;61.5;16.8;562
13/03/2021 12:16:16;25.5;16.5;61.6;16.9;465
13/03/2021 12:21:16;26.0;16.5;62.7;16.5;418
13/03/2021 12:26:16;26.0;16.5;64.2;16.4;484
13/03/2021 12:31:16;26.0;16.5;64.4;16.7;474
13/03/2021 12:36:16;26.0;16.5;63.8;16.9;538
13/03/2021 12:41:16;26.0;16.5;62.5;17.3;576
13/03/2021 12:46:16;26.5;16.5;61.7;17.6;618
13/03/2021 12:51:16;26.5;16.5;60.0;18.1;495
13/03/2021 12:56:16;26.5;16.5;59.4;18.4;615
13/03/2021 13:01:16;26.5;16.5;59.0;18.6;572
13/03/2021 13:06:16;26.5;16.5;59.7;18.5;503
13/03/2021 13:11:16;27.0;16.5;59.3;18.4;519
13/03/2021 13:16:16;27.0;16.5;59.4;18.4;442
13/03/2021 13:21:16;27.0;16.5;59.4;18.3;408
13/03/2021 13:26:16;27.5;16.5;58.5;18.5;395
13/03/2021 13:31:16;27.5;16.5;58.4;18.5;599
13/03/2021 13:36:16;27.5;16.5;57.5;18.5;661
13/03/2021 13:41:16;27.5;17.0;56.0;18.7;549
13/03/2021 13:46:16;28.0;17.0;55.7;18.7;647
13/03/2021 13:51:16;28.0;17.0;56.7;18.6;582
13/03/2021 13:56:16;28.0;17.0;56.6;19.1;786
13/03/2021 14:01:16;28.5;17.0;55.1;19.5;612
13/03/2021 14:06:16;28.5;17.0;54.5;19.9;760
13/03/2021 14:11:16;29.0;17.5;52.8;19.9;437
13/03/2021 14:16:16;29.0;17.5;54.7;19.5;421
13/03/2021 14:21:16;29.5;17.0;54.6;19.7;511
13/03/2021 14:26:16;29.5;17.0;54.6;20.0;742
13/03/2021 14:31:16;29.5;17.5;53.4;20.4;543
13/03/2021 14:36:16;30.0;17.5;53.7;20.5;480
13/03/2021 14:41:16;30.0;17.0;53.9;20.4;356
13/03/2021 14:46:16;30.0;17.0;54.6;20.1;358
13/03/2021 14:51:16;30.0;17.0;55.5;19.7;337
13/03/2021 14:56:16;30.5;17.0;56.4;19.3;409
13/03/2021 15:01:16;30.5;17.0;56.7;19.1;447
13/03/2021 15:06:16;30.5;17.0;56.7;19.3;626
13/03/2021 15:11:16;30.5;17.0;56.0;19.5;430
13/03/2021 15:16:16;30.5;17.0;55.9;19.6;378
13/03/2021 15:21:16;30.5;17.0;56.3;19.5;447
13/03/2021 15:26:16;30.5;17.0;56.6;19.6;525
13/03/2021 15:31:16;31.0;17.0;56.6;20.0;626
13/03/2021 15:36:16;31.0;17.0;55.7;20.1;436
13/03/2021 15:41:16;31.0;17.0;55.4;20.0;646
13/03/2021 15:46:16;31.0;17.0;55.0;20.1;629
13/03/2021 15:51:16;31.5;17.0;54.4;20.2;598
13/03/2021 15:56:16;31.5;17.0;55.3;20.2;547
13/03/2021 16:01:16;31.5;17.0;54.9;20.3;571
13/03/2021 16:06:16;31.5;17.0;55.5;20.1;558
13/03/2021 16:11:16;32.0;17.0;56.0;20.0;541
13/03/2021 16:16:16;32.0;17.0;57.3;19.3;542
13/03/2021 16:21:16;32.0;17.0;58.7;19.0;458
13/03/2021 16:26:16;32.5;17.0;60.0;18.9;486
13/03/2021 16:31:16;32.5;17.0;60.4;18.7;470
13/03/2021 16:36:16;32.5;17.0;60.9;18.5;481
13/03/2021 16:41:16;32.5;17.0;62.8;18.3;523
13/03/2021 16:46:16;32.5;17.0;63.1;18.2;481
13/03/2021 16:51:16;32.5;17.0;63.7;18.2;502
13/03/2021 16:56:16;33.0;17.0;62.7;18.4;440
13/03/2021 17:01:16;33.0;17.0;62.5;18.5;440
13/03/2021 17:06:16;33.0;17.0;62.5;18.5;366
13/03/2021 17:11:16;33.0;17.0;63.5;18.3;397
13/03/2021 17:16:16;33.0;17.0;64.1;18.2;399
13/03/2021 17:21:16;33.0;17.0;65.0;18.0;379
13/03/2021 17:26:16;33.0;17.0;65.5;18.0;354
13/03/2021 17:31:16;33.0;17.0;65.5;18.1;327
13/03/2021 17:36:16;33.0;17.0;65.7;17.9;300
13/03/2021 17:41:16;33.0;17.0;66.5;17.5;274
13/03/2021 17:46:16;33.0;16.5;68.6;17.1;244
13/03/2021 17:51:16;33.0;16.5;70.0;16.7;210
13/03/2021 17:56:16;33.0;17.0;71.7;16.4;190
13/03/2021 18:01:16;33.0;16.5;73.3;16.1;157
13/03/2021 18:06:16;33.0;17.0;74.6;15.9;132
13/03/2021 18:11:16;33.0;16.5;75.5;15.6;104
13/03/2021 18:16:16;33.0;16.5;76.1;15.5;80
13/03/2021 18:21:16;33.0;16.5;76.5;15.3;57
13/03/2021 18:26:16;33.0;16.5;77.4;15.1;37
13/03/2021 18:31:16;33.0;16.5;78.0;14.9;20
13/03/2021 18:36:16;33.0;16.5;78.5;14.6;9
13/03/2021 18:41:16;33.0;16.5;79.5;14.4;3
13/03/2021 18:46:16;33.0;16.5;80.5;14.2;1
13/03/2021 18:51:16;33.0;16.5;81.5;14.0;0
13/03/2021 18:56:16;33.0;16.0;82.0;13.8;0
13/03/2021 19:01:15;33.0;16.0;82.7;13.7;0
13/03/2021 19:06:15;32.5;16.0;83.6;13.6;0
13/03/2021 19:11:16;32.5;16.0;84.1;13.5;0
13/03/2021 19:16:16;32.5;16.0;85.0;13.5;0
13/03/2021 19:21:16;33.0;16.5;85.4;13.5;0
13/03/2021 19:26:16;32.5;16.5;85.9;13.5;0
13/03/2021 19:31:16;32.5;16.5;85.6;13.6;0
13/03/2021 19:36:16;32.5;16.5;85.9;13.6;0
13/03/2021 19:41:16;32.5;16.5;86.2;13.6;0
13/03/2021 19:46:16;32.5;16.5;86.3;13.6;0
13/03/2021 19:51:16;32.5;16.5;86.8;13.6;1
13/03/2021 19:56:16;32.5;16.5;87.2;13.6;0
13/03/2021 20:01:16;32.5;16.0;87.2;13.8;1
13/03/2021 20:06:15;32.5;16.5;86.8;13.9;0
13/03/2021 20:11:16;32.5;16.5;86.8;13.9;0
13/03/2021 20:16:16;32.5;16.5;86.6;13.9;0
13/03/2021 20:21:16;32.5;16.5;86.3;13.8;0
13/03/2021 20:26:16;32.5;16.5;86.5;13.7;0
13/03/2021 20:31:16;32.5;16.5;87.2;13.5;0
13/03/2021 20:36:16;32.5;16.5;87.7;13.4;0
13/03/2021 20:41:16;32.5;17.0;88.6;13.2;0
13/03/2021 20:46:16;32.5;17.0;89.1;13.1;0
13/03/2021 20:51:16;32.5;17.0;89.5;12.9;0
13/03/2021 20:56:16;32.5;17.0;90.1;12.8;0
13/03/2021 21:01:16;32.5;17.0;90.3;12.7;0
13/03/2021 21:06:16;41.0;17.0;90.6;12.6;0
13/03/2021 21:11:15;43.5;17.0;90.8;12.7;0
13/03/2021 21:16:16;45.0;17.0;90.8;12.7;0
13/03/2021 21:21:15;35.5;17.0;91.0;12.7;0
13/03/2021 21:26:16;32.0;17.0;91.1;12.8;0
13/03/2021 21:31:16;27.5;17.0;91.0;12.8;0
13/03/2021 21:36:16;19.5;17.0;91.1;12.9;0
13/03/2021 21:41:16;17.5;17.0;90.9;12.8;0
13/03/2021 21:46:16;17.5;17.0;91.0;12.8;0
13/03/2021 21:51:15;17.5;17.0;91.0;12.6;0
13/03/2021 21:56:15;17.5;17.0;90.9;12.5;0
13/03/2021 22:01:16;17.5;17.0;91.9;12.5;0
13/03/2021 22:06:16;17.5;17.0;92.0;12.5;0
13/03/2021 22:11:15;17.5;17.0;92.2;12.6;0
13/03/2021 22:16:16;17.5;17.0;92.5;12.6;0
13/03/2021 22:21:15;18.0;17.0;92.8;12.6;0
13/03/2021 22:26:16;18.0;17.0;92.9;12.6;0
13/03/2021 22:31:15;18.0;17.0;93.0;12.6;0
13/03/2021 22:36:15;18.0;17.0;93.3;12.6;1
13/03/2021 22:41:15;18.0;17.0;93.2;12.5;1
13/03/2021 22:46:15;18.0;17.0;92.8;12.5;0
13/03/2021 22:51:15;18.0;16.5;92.8;12.4;1
13/03/2021 22:56:15;18.5;17.0;93.2;12.4;0
13/03/2021 23:01:16;18.5;17.0;93.2;12.4;0
13/03/2021 23:06:15;18.5;17.0;93.4;12.3;0
13/03/2021 23:11:15;18.5;16.5;93.6;12.3;0
13/03/2021 23:16:15;18.5;17.0;93.5;12.2;0
13/03/2021 23:21:15;18.5;17.0;93.6;12.1;0
13/03/2021 23:26:15;18.5;16.5;93.8;12.0;0
13/03/2021 23:31:15;18.5;16.5;94.0;12.0;0
13/03/2021 23:36:15;18.5;16.5;94.4;12.0;0
13/03/2021 23:41:15;18.5;16.5;94.2;11.9;0
13/03/2021 23:46:15;18.5;16.5;94.1;11.9;0
13/03/2021 23:51:15;18.5;16.5;94.6;11.8;0
13/03/2021 23:56:15;18.5;16.5;94.7;11.7;0
14/03/2021 00:01:15;18.5;16.5;94.3;11.6;0
14/03/2021 00:06:15;18.5;16.5;94.3;11.5;0
14/03/2021 00:11:15;18.5;16.5;94.0;11.3;0
14/03/2021 00:16:15;18.5;16.5;94.5;11.1;0
14/03/2021 00:21:15;18.5;16.5;94.3;10.9;0
14/03/2021 00:26:15;18.5;16.5;94.3;10.7;0
14/03/2021 00:31:15;18.5;16.5;94.6;10.5;0
14/03/2021 00:36:15;18.5;16.5;95.6;10.5;0
14/03/2021 00:41:15;18.5;16.5;96.4;10.8;0
14/03/2021 00:46:15;18.5;16.5;96.0;11.1;0
14/03/2021 00:51:15;18.5;16.5;95.5;11.2;0
14/03/2021 00:56:15;18.5;16.5;95.2;11.4;0
14/03/2021 01:01:15;18.5;16.5;95.1;11.4;0
14/03/2021 01:06:15;18.5;16.5;95.0;11.5;0
14/03/2021 01:11:15;18.5;16.5;95.0;11.5;0
14/03/2021 01:16:15;18.5;16.5;94.9;11.4;0
14/03/2021 01:21:15;18.5;16.5;95.0;11.3;0
14/03/2021 01:26:15;18.5;16.5;95.0;11.3;0
14/03/2021 01:31:15;18.5;16.5;94.9;11.3;0
14/03/2021 01:36:15;18.5;16.5;94.8;11.3;0
14/03/2021 01:41:15;18.5;16.5;94.9;11.2;0
14/03/2021 01:46:15;18.5;16.5;95.1;11.1;0
14/03/2021 01:51:15;19.0;16.5;95.3;11.1;0
14/03/2021 01:56:15;19.0;16.5;95.4;11.2;0
14/03/2021 02:01:15;19.0;16.5;95.4;11.2;0
14/03/2021 02:06:15;19.0;16.5;95.4;11.2;0
14/03/2021 02:11:15;19.0;16.5;95.4;11.1;0
14/03/2021 02:16:15;19.0;16.5;95.4;11.2;0
14/03/2021 02:21:15;19.0;16.5;95.3;11.1;0
14/03/2021 02:26:15;19.0;16.5;95.4;11.0;0
14/03/2021 02:31:15;19.0;16.5;95.4;11.0;0
14/03/2021 02:36:15;19.0;16.5;95.6;11.0;0
14/03/2021 02:41:15;19.0;16.5;95.5;11.0;0
14/03/2021 02:46:15;19.0;16.5;95.7;11.0;0
14/03/2021 02:51:15;19.0;16.5;95.6;11.0;0
14/03/2021 02:56:15;19.0;16.5;95.6;11.0;0
14/03/2021 03:01:15;19.0;16.5;95.7;11.0;0
14/03/2021 03:06:15;19.0;16.5;95.6;11.0;0
14/03/2021 03:11:15;19.0;16.5;95.3;10.9;0
14/03/2021 03:16:15;19.0;16.5;95.4;10.8;0
14/03/2021 03:21:15;19.0;16.5;95.4;10.7;0
14/03/2021 03:26:15;19.0;16.5;95.3;10.6;0
14/03/2021 03:31:15;19.0;16.5;95.3;10.5;0
14/03/2021 03:36:15;19.0;16.5;95.3;10.3;0
14/03/2021 03:41:15;19.0;16.5;95.6;10.2;0
14/03/2021 03:46:15;19.0;16.5;95.7;10.2;0
14/03/2021 03:51:15;19.0;16.5;95.7;10.2;0
14/03/2021 03:56:15;19.0;16.5;95.4;10.1;0
14/03/2021 04:01:15;19.0;16.5;95.8;10.1;0
14/03/2021 04:06:15;19.0;16.5;95.3;10.0;0
14/03/2021 04:11:15;19.0;16.5;95.3;9.9;0
14/03/2021 04:16:15;19.0;16.5;95.6;9.8;0
14/03/2021 04:21:15;19.0;16.5;95.8;9.9;0
14/03/2021 04:26:15;19.0;16.5;95.6;9.9;0
14/03/2021 04:31:15;19.0;16.5;95.7;9.9;0
14/03/2021 04:36:15;19.0;16.5;95.8;9.9;0
14/03/2021 04:41:15;19.0;16.5;95.8;10.0;0
14/03/2021 04:46:15;19.0;16.5;95.6;10.0;0
14/03/2021 04:51:15;19.0;16.5;96.2;10.0;0
14/03/2021 04:56:15;19.0;16.5;96.4;10.1;0
14/03/2021 05:01:15;19.0;16.5;96.5;10.3;0
14/03/2021 05:06:15;19.0;16.5;96.2;10.4;0
14/03/2021 05:11:15;19.0;16.5;96.1;10.4;0
14/03/2021 05:16:15;19.0;16.5;96.1;10.4;0
14/03/2021 05:21:15;19.0;16.5;96.2;10.4;0
14/03/2021 05:26:15;19.0;16.5;96.3;10.5;0
14/03/2021 05:31:15;19.0;16.5;96.1;10.5;0
14/03/2021 05:36:15;19.0;16.5;96.0;10.5;0
14/03/2021 05:41:15;19.0;16.5;96.0;10.5;0
14/03/2021 05:46:15;19.0;16.5;95.9;10.4;0
14/03/2021 05:51:15;19.0;16.5;95.9;10.4;0
14/03/2021 05:56:15;19.0;16.5;96.0;10.4;0
14/03/2021 06:01:15;19.0;16.5;96.0;10.5;0
14/03/2021 06:06:15;19.0;16.5;95.8;10.4;0
14/03/2021 06:11:15;19.0;16.5;95.8;10.4;0
14/03/2021 06:16:15;19.0;16.5;95.7;10.4;0
14/03/2021 06:21:15;19.0;16.5;95.5;10.4;0
14/03/2021 06:26:15;19.0;16.5;95.3;10.3;0
14/03/2021 06:31:15;19.0;16.5;95.3;10.3;0
14/03/2021 06:36:15;19.0;16.5;95.2;10.3;0
14/03/2021 06:41:15;19.0;16.5;94.9;10.2;0
14/03/2021 06:46:15;18.5;16.5;94.9;10.2;0
14/03/2021 06:51:15;19.0;16.0;94.9;10.2;0
14/03/2021 06:56:15;18.5;16.0;95.0;10.2;3
14/03/2021 07:01:15;18.5;16.5;95.1;10.2;7
14/03/2021 07:06:15;18.5;16.5;95.2;10.2;16
14/03/2021 07:11:15;19.0;16.0;95.5;10.2;34
14/03/2021 07:16:15;18.5;16.5;95.8;10.3;54
14/03/2021 07:21:15;18.5;16.0;95.8;10.4;69
14/03/2021 07:26:15;18.5;16.5;95.8;10.6;104
14/03/2021 07:31:15;18.5;16.0;95.3;11.0;140
14/03/2021 07:36:15;18.5;16.0;94.1;11.5;169
14/03/2021 07:41:15;18.5;16.5;92.9;11.9;200
14/03/2021 07:46:15;18.5;16.0;91.8;12.2;229
14/03/2021 07:51:15;18.5;16.5;91.5;12.3;253
14/03/2021 07:56:15;18.5;16.0;91.1;12.3;128
14/03/2021 08:01:15;18.5;16.5;91.4;12.0;122
14/03/2021 08:06:15;18.5;16.5;92.0;11.8;147
14/03/2021 08:11:15;18.5;16.5;92.5;11.8;377
14/03/2021 08:16:15;18.5;16.5;91.7;12.2;422
14/03/2021 08:21:15;19.0;16.5;90.9;12.6;478
14/03/2021 08:26:15;18.5;16.5;89.9;13.1;466
14/03/2021 08:31:15;19.0;16.5;87.8;13.5;407
14/03/2021 08:36:15;18.5;16.5;87.3;13.4;287
14/03/2021 08:41:15;19.0;16.5;88.2;13.2;320
14/03/2021 08:46:15;18.5;16.5;87.8;13.3;237
14/03/2021 08:51:15;19.0;16.5;87.9;13.3;230
14/03/2021 08:56:15;19.0;16.5;87.5;13.3;232
14/03/2021 09:01:15;19.0;16.5;88.6;13.2;231
14/03/2021 09:06:15;19.0;16.5;88.5;13.2;254
14/03/2021 09:11:15;19.0;16.5;89.0;13.3;340
14/03/2021 09:16:15;18.5;16.5;87.3;13.5;281
14/03/2021 09:21:15;18.5;16.5;87.4;13.6;312
14/03/2021 09:26:15;18.5;16.5;86.6;14.0;302
14/03/2021 09:31:15;18.5;16.5;84.9;14.1;319
14/03/2021 09:36:15;18.5;16.5;84.6;14.3;294
14/03/2021 09:41:15;18.5;16.5;83.1;14.4;289
14/03/2021 09:46:15;19.0;16.5;83.6;14.4;303
14/03/2021 09:51:15;18.5;16.5;83.1;14.4;283
14/03/2021 09:56:15;18.5;16.5;82.0;14.6;290
14/03/2021 10:01:15;19.0;17.0;81.6;14.7;305
14/03/2021 10:06:15;18.5;17.0;81.1;14.8;372
14/03/2021 10:11:15;18.5;17.0;81.1;14.9;365
14/03/2021 10:16:15;18.5;17.0;79.3;15.2;355
14/03/2021 10:21:15;19.0;17.0;79.0;15.2;560
14/03/2021 10:26:15;19.0;17.0;78.8;15.3;367
14/03/2021 10:31:15;19.0;17.0;79.2;15.3;367
